{
  "resid_std": 67.6788635450134,
  "resid_q": [
    -1.5769153155025057,
    -0.005665855744998449,
    1.3843422974999897
  ]
}